{
    "sourceFile": "03_business_website/index.html",
    "activeCommit": 0,
    "commits": [
        {
            "activePatchIndex": 8,
            "patches": [
                {
                    "date": 1760022278143,
                    "content": "Index: \n===================================================================\n--- \n+++ \n"
                },
                {
                    "date": 1760022327246,
                    "content": "Index: \n===================================================================\n--- \n+++ \n@@ -25,23 +25,35 @@\n     <nav class=\"navbar\">\n         <div class=\"nav-container\">\n             <div class=\"nav-logo\">\n                 <a href=\"#home\">AI Alchemy</a>\n-            </div>\n-            <ul class=\"nav-menu\">\n-                <li class=\"nav-item\"><a href=\"#home\" class=\"nav-link\">Home</a></li>\n-                <li class=\"nav-item\"><a href=\"#services\" class=\"nav-link\">Services</a></li>\n-                <li class=\"nav-item\"><a href=\"#products\" class=\"nav-link\">Products</a></li>\n-                <li class=\"nav-item\"><a href=\"#portfolio\" class=\"nav-link\">Portfolio</a></li>\n+                <li class=\"nav-item\">\n+                    <a href=\"#home\" class=\"nav-link\">Home</a>\n+                </li>\n+                <li class=\"nav-item\">\n+                    <a href=\"#services\" class=\"nav-link\">Services</a>\n+                </li>\n+                <li class=\"nav-item\">\n+                    <a href=\"#products\" class=\"nav-link\">Products</a>\n+                </li>\n+                <li class=\"nav-item\">\n+                    <a href=\"#portfolio\" class=\"nav-link\">Portfolio</a>\n+                </li>\n+                <li class=\"nav-item\">\n+                    <a href=\"#about\" class=\"nav-link\">About</a>\n+                </li>\n+                <li class=\"nav-item\">\n+                    <a href=\"#contact\" class=\"nav-link\">Contact</a>\n+                </li>\n                 <li class=\"nav-item\"><a href=\"#about\" class=\"nav-link\">About</a></li>\n                 <li class=\"nav-item\"><a href=\"#contact\" class=\"nav-link\">Contact</a></li>\n-            </ul>\n-            <div class=\"hamburger\">\n-                <span class=\"bar\"></span>\n-                <span class=\"bar\"></span>\n-                <span class=\"bar\"></span>\n+                </ul>\n+                <div class=\"hamburger\">\n+                    <span class=\"bar\"></span>\n+                    <span class=\"bar\"></span>\n+                    <span class=\"bar\"></span>\n+                </div>\n             </div>\n-        </div>\n     </nav>\n \n     <!-- Hero Section -->\n     <section id=\"home\" class=\"hero\">\n"
                },
                {
                    "date": 1760022500940,
                    "content": "Index: \n===================================================================\n--- \n+++ \n@@ -20,40 +20,29 @@\n     <link rel=\"stylesheet\" href=\"https://cdnjs.cloudflare.com/ajax/libs/font-awesome/6.0.0/css/all.min.css\">\n </head>\n \n <body>\n+\n     <!-- Navigation -->\n-    <nav class=\"navbar\">\n+    <nav class=\"navbar\" role=\"navigation\" aria-label=\"main navigation\">\n         <div class=\"nav-container\">\n             <div class=\"nav-logo\">\n                 <a href=\"#home\">AI Alchemy</a>\n-                <li class=\"nav-item\">\n-                    <a href=\"#home\" class=\"nav-link\">Home</a>\n-                </li>\n-                <li class=\"nav-item\">\n-                    <a href=\"#services\" class=\"nav-link\">Services</a>\n-                </li>\n-                <li class=\"nav-item\">\n-                    <a href=\"#products\" class=\"nav-link\">Products</a>\n-                </li>\n-                <li class=\"nav-item\">\n-                    <a href=\"#portfolio\" class=\"nav-link\">Portfolio</a>\n-                </li>\n-                <li class=\"nav-item\">\n-                    <a href=\"#about\" class=\"nav-link\">About</a>\n-                </li>\n-                <li class=\"nav-item\">\n-                    <a href=\"#contact\" class=\"nav-link\">Contact</a>\n-                </li>\n+            </div>\n+            <ul class=\"nav-list\">\n+                <li class=\"nav-item\"><a href=\"#home\" class=\"nav-link\">Home</a></li>\n+                <li class=\"nav-item\"><a href=\"#services\" class=\"nav-link\">Services</a></li>\n+                <li class=\"nav-item\"><a href=\"#products\" class=\"nav-link\">Products</a></li>\n+                <li class=\"nav-item\"><a href=\"#portfolio\" class=\"nav-link\">Portfolio</a></li>\n                 <li class=\"nav-item\"><a href=\"#about\" class=\"nav-link\">About</a></li>\n                 <li class=\"nav-item\"><a href=\"#contact\" class=\"nav-link\">Contact</a></li>\n-                </ul>\n-                <div class=\"hamburger\">\n-                    <span class=\"bar\"></span>\n-                    <span class=\"bar\"></span>\n-                    <span class=\"bar\"></span>\n-                </div>\n+            </ul>\n+            <div class=\"hamburger\" aria-label=\"Menu\">\n+                <span class=\"bar\"></span>\n+                <span class=\"bar\"></span>\n+                <span class=\"bar\"></span>\n             </div>\n+        </div>\n     </nav>\n \n     <!-- Hero Section -->\n     <section id=\"home\" class=\"hero\">\n"
                },
                {
                    "date": 1760029106340,
                    "content": "Index: \n===================================================================\n--- \n+++ \n@@ -22,9 +22,9 @@\n \n <body>\n \n     <!-- Navigation -->\n-    <nav class=\"navbar\" role=\"navigation\" aria-label=\"main navigation\">\n+    <nav class=\"navbar\">\n         <div class=\"nav-container\">\n             <div class=\"nav-logo\">\n                 <a href=\"#home\">AI Alchemy</a>\n             </div>\n"
                },
                {
                    "date": 1760029111647,
                    "content": "Index: \n===================================================================\n--- \n+++ \n@@ -28,14 +28,30 @@\n             <div class=\"nav-logo\">\n                 <a href=\"#home\">AI Alchemy</a>\n             </div>\n             <ul class=\"nav-list\">\n-                <li class=\"nav-item\"><a href=\"#home\" class=\"nav-link\">Home</a></li>\n-                <li class=\"nav-item\"><a href=\"#services\" class=\"nav-link\">Services</a></li>\n-                <li class=\"nav-item\"><a href=\"#products\" class=\"nav-link\">Products</a></li>\n-                <li class=\"nav-item\"><a href=\"#portfolio\" class=\"nav-link\">Portfolio</a></li>\n-                <li class=\"nav-item\"><a href=\"#about\" class=\"nav-link\">About</a></li>\n-                <li class=\"nav-item\"><a href=\"#contact\" class=\"nav-link\">Contact</a></li>\n+                <li class=\"nav-item\">\n+                    <a href=\"#home\" class=\"nav-link\">Home</a>\n+                </li>\n+                <li class=\"nav-item\">\n+                    <a href=\"#services\" class=\"nav-link\">Services</a>\n+                </li>\n+                <li class=\"nav-item\">\n+                    <a href=\"#products\" class=\"nav-link\">Products</a>\n+                </li>\n+                <li class=\"nav-item\">\n+                    <a href=\"#portfolio\" class=\"nav-link\">Portfolio</a>\n+                </li>\n+                <li class=\"nav-item\">\n+                    <a href=\"#about\" class=\"nav-link\">About</a>\n+                </li>\n+                <li class=\"nav-item\">\n+                    <li class=\"nav-item\"><a href=\"#home\" class=\"nav-link\">Home</a></li>\n+                    <li class=\"nav-item\"><a href=\"#services\" class=\"nav-link\">Services</a></li>\n+                    <li class=\"nav-item\"><a href=\"#products\" class=\"nav-link\">Products</a></li>\n+                    <li class=\"nav-item\"><a href=\"#portfolio\" class=\"nav-link\">Portfolio</a></li>\n+                    <li class=\"nav-item\"><a href=\"#about\" class=\"nav-link\">About</a></li>\n+                    <li class=\"nav-item\"><a href=\"#contact\" class=\"nav-link\">Contact</a></li>\n             </ul>\n             <div class=\"hamburger\" aria-label=\"Menu\">\n                 <span class=\"bar\"></span>\n                 <span class=\"bar\"></span>\n"
                },
                {
                    "date": 1760029288903,
                    "content": "Index: \n===================================================================\n--- \n+++ \n@@ -22,36 +22,20 @@\n \n <body>\n \n     <!-- Navigation -->\n-    <nav class=\"navbar\">\n+    <nav class=\"navbar\" role=\"navigation\" aria-label=\"main navigation\">\n         <div class=\"nav-container\">\n             <div class=\"nav-logo\">\n                 <a href=\"#home\">AI Alchemy</a>\n             </div>\n             <ul class=\"nav-list\">\n-                <li class=\"nav-item\">\n-                    <a href=\"#home\" class=\"nav-link\">Home</a>\n-                </li>\n-                <li class=\"nav-item\">\n-                    <a href=\"#services\" class=\"nav-link\">Services</a>\n-                </li>\n-                <li class=\"nav-item\">\n-                    <a href=\"#products\" class=\"nav-link\">Products</a>\n-                </li>\n-                <li class=\"nav-item\">\n-                    <a href=\"#portfolio\" class=\"nav-link\">Portfolio</a>\n-                </li>\n-                <li class=\"nav-item\">\n-                    <a href=\"#about\" class=\"nav-link\">About</a>\n-                </li>\n-                <li class=\"nav-item\">\n-                    <li class=\"nav-item\"><a href=\"#home\" class=\"nav-link\">Home</a></li>\n-                    <li class=\"nav-item\"><a href=\"#services\" class=\"nav-link\">Services</a></li>\n-                    <li class=\"nav-item\"><a href=\"#products\" class=\"nav-link\">Products</a></li>\n-                    <li class=\"nav-item\"><a href=\"#portfolio\" class=\"nav-link\">Portfolio</a></li>\n-                    <li class=\"nav-item\"><a href=\"#about\" class=\"nav-link\">About</a></li>\n-                    <li class=\"nav-item\"><a href=\"#contact\" class=\"nav-link\">Contact</a></li>\n+                <li class=\"nav-item\"><a href=\"#home\" class=\"nav-link\">Home</a></li>\n+                <li class=\"nav-item\"><a href=\"#services\" class=\"nav-link\">Services</a></li>\n+                <li class=\"nav-item\"><a href=\"#products\" class=\"nav-link\">Products</a></li>\n+                <li class=\"nav-item\"><a href=\"#portfolio\" class=\"nav-link\">Portfolio</a></li>\n+                <li class=\"nav-item\"><a href=\"#about\" class=\"nav-link\">About</a></li>\n+                <li class=\"nav-item\"><a href=\"#contact\" class=\"nav-link\">Contact</a></li>\n             </ul>\n             <div class=\"hamburger\" aria-label=\"Menu\">\n                 <span class=\"bar\"></span>\n                 <span class=\"bar\"></span>\n"
                },
                {
                    "date": 1760029411868,
                    "content": "Index: \n===================================================================\n--- \n+++ \n@@ -27,9 +27,9 @@\n         <div class=\"nav-container\">\n             <div class=\"nav-logo\">\n                 <a href=\"#home\">AI Alchemy</a>\n             </div>\n-            <ul class=\"nav-list\">\n+            <ul class=\"nav-menu\">\n                 <li class=\"nav-item\"><a href=\"#home\" class=\"nav-link\">Home</a></li>\n                 <li class=\"nav-item\"><a href=\"#services\" class=\"nav-link\">Services</a></li>\n                 <li class=\"nav-item\"><a href=\"#products\" class=\"nav-link\">Products</a></li>\n                 <li class=\"nav-item\"><a href=\"#portfolio\" class=\"nav-link\">Portfolio</a></li>\n"
                },
                {
                    "date": 1760029610697,
                    "content": "Index: \n===================================================================\n--- \n+++ \n@@ -75,11 +75,9 @@\n                 </div>\n             </div>\n             <div class=\"hero-image\">\n                 <div class=\"minimal-visual\">\n-                    <div class=\"geometric-shape shape-1\"></div>\n-                    <div class=\"geometric-shape shape-2\"></div>\n-                    <div class=\"geometric-shape shape-3\"></div>\n+\n                 </div>\n             </div>\n         </div>\n     </section>\n"
                },
                {
                    "date": 1760029635283,
                    "content": "Index: \n===================================================================\n--- \n+++ \n@@ -73,13 +73,9 @@\n                         <span class=\"stat-label\">Years Experience</span>\n                     </div>\n                 </div>\n             </div>\n-            <div class=\"hero-image\">\n-                <div class=\"minimal-visual\">\n \n-                </div>\n-            </div>\n         </div>\n     </section>\n \n     <!-- Services Section -->\n"
                }
            ],
            "date": 1760022278143,
            "name": "Commit-0",
            "content": "<!DOCTYPE html>\n<html lang=\"en\">\n\n<head>\n    <meta charset=\"UTF-8\">\n    <meta name=\"viewport\" content=\"width=device-width, initial-scale=1.0\">\n    <title>AI Alchemy - Steven Chaplinski</title>\n    <meta name=\"description\" content=\"Transform your business with AI-powered solutions. Custom AI consulting, content creation, and digital products from Steven Chaplinski.\">\n    <meta name=\"keywords\" content=\"AI consulting, artificial intelligence, content creation, digital products, Python development, machine learning\">\n\n    <!-- Open Graph Meta Tags -->\n    <meta property=\"og:title\" content=\"AI Alchemy - Steven Chaplinski's AI Solutions\">\n    <meta property=\"og:description\" content=\"Transform your business with AI-powered solutions. Custom AI consulting, content creation, and digital products.\">\n    <meta property=\"og:image\" content=\"https://avatararts.org/images/ai-alchemy-og.jpg\">\n    <meta property=\"og:url\" content=\"https://aialchemy.com\">\n    <meta property=\"og:type\" content=\"website\">\n\n    <link rel=\"stylesheet\" href=\"styles.css\">\n    <link href=\"https://fonts.googleapis.com/css2?family=Inter:wght@300;400;500;600;700&display=swap\" rel=\"stylesheet\">\n    <link rel=\"stylesheet\" href=\"https://cdnjs.cloudflare.com/ajax/libs/font-awesome/6.0.0/css/all.min.css\">\n</head>\n\n<body>\n    <!-- Navigation -->\n    <nav class=\"navbar\">\n        <div class=\"nav-container\">\n            <div class=\"nav-logo\">\n                <a href=\"#home\">AI Alchemy</a>\n            </div>\n            <ul class=\"nav-menu\">\n                <li class=\"nav-item\"><a href=\"#home\" class=\"nav-link\">Home</a></li>\n                <li class=\"nav-item\"><a href=\"#services\" class=\"nav-link\">Services</a></li>\n                <li class=\"nav-item\"><a href=\"#products\" class=\"nav-link\">Products</a></li>\n                <li class=\"nav-item\"><a href=\"#portfolio\" class=\"nav-link\">Portfolio</a></li>\n                <li class=\"nav-item\"><a href=\"#about\" class=\"nav-link\">About</a></li>\n                <li class=\"nav-item\"><a href=\"#contact\" class=\"nav-link\">Contact</a></li>\n            </ul>\n            <div class=\"hamburger\">\n                <span class=\"bar\"></span>\n                <span class=\"bar\"></span>\n                <span class=\"bar\"></span>\n            </div>\n        </div>\n    </nav>\n\n    <!-- Hero Section -->\n    <section id=\"home\" class=\"hero\">\n        <div class=\"hero-container\">\n            <div class=\"hero-content\">\n                <h1 class=\"hero-title\">\n                    Transform Your Business with\n                    <span class=\"accent-text\">AI Alchemy</span>\n                </h1>\n                <p class=\"hero-description\">\n                    Unlock the power of artificial intelligence with custom solutions, AI-powered content creation, and cutting-edge digital products. Let me help you turn your ideas into reality.\n                </p>\n                <div class=\"hero-buttons\">\n                    <a href=\"#services\" class=\"btn btn-primary\">Get Started</a>\n                    <a href=\"#portfolio\" class=\"btn btn-secondary\">View Portfolio</a>\n                </div>\n                <div class=\"hero-stats\">\n                    <div class=\"stat\">\n                        <span class=\"stat-number\">500+</span>\n                        <span class=\"stat-label\">Projects Completed</span>\n                    </div>\n                    <div class=\"stat\">\n                        <span class=\"stat-number\">50+</span>\n                        <span class=\"stat-label\">Happy Clients</span>\n                    </div>\n                    <div class=\"stat\">\n                        <span class=\"stat-number\">5+</span>\n                        <span class=\"stat-label\">Years Experience</span>\n                    </div>\n                </div>\n            </div>\n            <div class=\"hero-image\">\n                <div class=\"minimal-visual\">\n                    <div class=\"geometric-shape shape-1\"></div>\n                    <div class=\"geometric-shape shape-2\"></div>\n                    <div class=\"geometric-shape shape-3\"></div>\n                </div>\n            </div>\n        </div>\n    </section>\n\n    <!-- Services Section -->\n    <section id=\"services\" class=\"services\">\n        <div class=\"container\">\n            <div class=\"section-header\">\n                <h2 class=\"section-title\">AI-Powered Services</h2>\n                <p class=\"section-description\">\n                    Comprehensive AI solutions tailored to your business needs\n                </p>\n            </div>\n            <div class=\"services-grid\">\n                <div class=\"service-card\">\n                    <div class=\"service-icon\">\n                        <i class=\"fas fa-brain\"></i>\n                    </div>\n                    <h3 class=\"service-title\">AI Consulting</h3>\n                    <p class=\"service-description\">\n                        Strategic AI implementation, custom solutions, and technology roadmaps to transform your business operations.\n                    </p>\n                    <ul class=\"service-features\">\n                        <li>AI readiness assessment</li>\n                        <li>Custom AI strategy</li>\n                        <li>Implementation planning</li>\n                        <li>Ongoing support</li>\n                    </ul>\n                    <div class=\"service-price\">Starting at $2,500</div>\n                    <a href=\"#contact\" class=\"btn btn-outline\">Learn More</a>\n                </div>\n\n                <div class=\"service-card\">\n                    <div class=\"service-icon\">\n                        <i class=\"fas fa-pen-fancy\"></i>\n                    </div>\n                    <h3 class=\"service-title\">Content Creation</h3>\n                    <p class=\"service-description\">\n                        AI-powered content that engages, converts, and grows your audience across all platforms and channels.\n                    </p>\n                    <ul class=\"service-features\">\n                        <li>Blog posts and articles</li>\n                        <li>Social media content</li>\n                        <li>Email marketing</li>\n                        <li>Video scripts</li>\n                    </ul>\n                    <div class=\"service-price\">Starting at $1,500</div>\n                    <a href=\"#contact\" class=\"btn btn-outline\">Learn More</a>\n                </div>\n\n                <div class=\"service-card\">\n                    <div class=\"service-icon\">\n                        <i class=\"fas fa-code\"></i>\n                    </div>\n                    <h3 class=\"service-title\">Python Development</h3>\n                    <p class=\"service-description\">\n                        Custom Python solutions, automation scripts, and AI-powered tools to streamline your business processes.\n                    </p>\n                    <ul class=\"service-features\">\n                        <li>Custom Python scripts</li>\n                        <li>Automation tools</li>\n                        <li>API development</li>\n                        <li>Data processing</li>\n                    </ul>\n                    <div class=\"service-price\">Starting at $1,000</div>\n                    <a href=\"#contact\" class=\"btn btn-outline\">Learn More</a>\n                </div>\n\n                <div class=\"service-card\">\n                    <div class=\"service-icon\">\n                        <i class=\"fas fa-graduation-cap\"></i>\n                    </div>\n                    <h3 class=\"service-title\">AI Training</h3>\n                    <p class=\"service-description\">\n                        Comprehensive AI education and training programs for individuals and teams looking to master artificial intelligence.\n                    </p>\n                    <ul class=\"service-features\">\n                        <li>AI fundamentals</li>\n                        <li>Python for AI</li>\n                        <li>Machine learning</li>\n                        <li>Practical applications</li>\n                    </ul>\n                    <div class=\"service-price\">Starting at $500</div>\n                    <a href=\"#contact\" class=\"btn btn-outline\">Learn More</a>\n                </div>\n            </div>\n        </div>\n    </section>\n\n    <!-- Products Section -->\n    <section id=\"products\" class=\"products\">\n        <div class=\"container\">\n            <div class=\"section-header\">\n                <h2 class=\"section-title\">Digital Products</h2>\n                <p class=\"section-description\">\n                    Ready-to-use AI tools, scripts, and resources for immediate implementation\n                </p>\n            </div>\n            <div class=\"products-grid\">\n                <div class=\"product-card\">\n                    <div class=\"product-image\">\n                        <i class=\"fas fa-palette\"></i>\n                    </div>\n                    <h3 class=\"product-title\">AI Art Packs</h3>\n                    <p class=\"product-description\">\n                        Premium AI-generated artwork collections for your creative projects\n                    </p>\n                    <div class=\"product-features\">\n                        <span class=\"feature\">100+ High-res images</span>\n                        <span class=\"feature\">Commercial license</span>\n                        <span class=\"feature\">Multiple formats</span>\n                    </div>\n                    <div class=\"product-price\">$99</div>\n                    <a href=\"#contact\" class=\"btn btn-primary\">Buy Now</a>\n                </div>\n\n                <div class=\"product-card\">\n                    <div class=\"product-image\">\n                        <i class=\"fab fa-python\"></i>\n                    </div>\n                    <h3 class=\"product-title\">Python Scripts</h3>\n                    <p class=\"product-description\">\n                        Production-ready Python utilities for AI, automation, and development\n                    </p>\n                    <div class=\"product-features\">\n                        <span class=\"feature\">25+ Scripts</span>\n                        <span class=\"feature\">Full documentation</span>\n                        <span class=\"feature\">Commercial use</span>\n                    </div>\n                    <div class=\"product-price\">$99</div>\n                    <a href=\"#contact\" class=\"btn btn-primary\">Buy Now</a>\n                </div>\n\n                <div class=\"product-card\">\n                    <div class=\"product-image\">\n                        <i class=\"fas fa-book\"></i>\n                    </div>\n                    <h3 class=\"product-title\">AI Guides</h3>\n                    <p class=\"product-description\">\n                        Comprehensive e-books and guides for mastering AI and Python\n                    </p>\n                    <div class=\"product-features\">\n                        <span class=\"feature\">Step-by-step guides</span>\n                        <span class=\"feature\">Practical examples</span>\n                        <span class=\"feature\">Lifetime updates</span>\n                    </div>\n                    <div class=\"product-price\">$49</div>\n                    <a href=\"#contact\" class=\"btn btn-primary\">Buy Now</a>\n                </div>\n            </div>\n        </div>\n    </section>\n\n    <!-- Portfolio Section -->\n    <section id=\"portfolio\" class=\"portfolio\">\n        <div class=\"container\">\n            <div class=\"section-header\">\n                <h2 class=\"section-title\">Portfolio</h2>\n                <p class=\"section-description\">\n                    Showcase of successful AI projects and client work\n                </p>\n            </div>\n            <div class=\"portfolio-grid\">\n                <div class=\"portfolio-item\">\n                    <div class=\"portfolio-image\">\n                        <div class=\"portfolio-placeholder\">\n                            <i class=\"fas fa-robot\"></i>\n                        </div>\n                    </div>\n                    <div class=\"portfolio-content\">\n                        <h3 class=\"portfolio-title\">AI Content Generator</h3>\n                        <p class=\"portfolio-description\">\n                            Custom AI system for automated content creation across multiple platforms\n                        </p>\n                        <div class=\"portfolio-tags\">\n                            <span class=\"tag\">Python</span>\n                            <span class=\"tag\">AI</span>\n                            <span class=\"tag\">Automation</span>\n                        </div>\n                    </div>\n                </div>\n\n                <div class=\"portfolio-item\">\n                    <div class=\"portfolio-image\">\n                        <div class=\"portfolio-placeholder\">\n                            <i class=\"fas fa-shopping-cart\"></i>\n                        </div>\n                    </div>\n                    <div class=\"portfolio-content\">\n                        <h3 class=\"portfolio-title\">E-commerce AI Assistant</h3>\n                        <p class=\"portfolio-description\">\n                            AI-powered customer service and product recommendation system\n                        </p>\n                        <div class=\"portfolio-tags\">\n                            <span class=\"tag\">Machine Learning</span>\n                            <span class=\"tag\">NLP</span>\n                            <span class=\"tag\">E-commerce</span>\n                        </div>\n                    </div>\n                </div>\n\n                <div class=\"portfolio-item\">\n                    <div class=\"portfolio-image\">\n                        <div class=\"portfolio-placeholder\">\n                            <i class=\"fas fa-chart-line\"></i>\n                        </div>\n                    </div>\n                    <div class=\"portfolio-content\">\n                        <h3 class=\"portfolio-title\">Data Analytics Dashboard</h3>\n                        <p class=\"portfolio-description\">\n                            Real-time business intelligence and predictive analytics platform\n                        </p>\n                        <div class=\"portfolio-tags\">\n                            <span class=\"tag\">Data Science</span>\n                            <span class=\"tag\">Visualization</span>\n                            <span class=\"tag\">Dashboard</span>\n                        </div>\n                    </div>\n                </div>\n            </div>\n        </div>\n    </section>\n\n    <!-- About Section -->\n    <section id=\"about\" class=\"about\">\n        <div class=\"container\">\n            <div class=\"about-content\">\n                <div class=\"about-text\">\n                    <h2 class=\"section-title\">About Steven Chaplinski</h2>\n                    <p class=\"about-description\">\n                        I'm a self-taught AI expert and Python developer with over 5 years of experience in artificial intelligence, machine learning, and automation. My journey began with a passion for technology and a drive to solve complex problems using AI.\n                    </p>\n                    <p class=\"about-description\">\n                        Through my three digital properties - avatararts.org, GPTJunkie.com, and QuantumforgeLabs.org - I've built a comprehensive understanding of AI applications across creative, technical, and business domains.\n                    </p>\n                    <div class=\"about-skills\">\n                        <div class=\"skill\">\n                            <span class=\"skill-name\">Python Development</span>\n                            <div class=\"skill-bar\">\n                                <div class=\"skill-progress\" style=\"width: 95%\"></div>\n                            </div>\n                        </div>\n                        <div class=\"skill\">\n                            <span class=\"skill-name\">AI & Machine Learning</span>\n                            <div class=\"skill-bar\">\n                                <div class=\"skill-progress\" style=\"width: 90%\"></div>\n                            </div>\n                        </div>\n                        <div class=\"skill\">\n                            <span class=\"skill-name\">Content Creation</span>\n                            <div class=\"skill-bar\">\n                                <div class=\"skill-progress\" style=\"width: 85%\"></div>\n                            </div>\n                        </div>\n                        <div class=\"skill\">\n                            <span class=\"skill-name\">Business Strategy</span>\n                            <div class=\"skill-bar\">\n                                <div class=\"skill-progress\" style=\"width: 80%\"></div>\n                            </div>\n                        </div>\n                    </div>\n                </div>\n                <div class=\"about-image\">\n                    <div class=\"about-placeholder\">\n                        <i class=\"fas fa-user\"></i>\n                    </div>\n                </div>\n            </div>\n        </div>\n    </section>\n\n    <!-- Contact Section -->\n    <section id=\"contact\" class=\"contact\">\n        <div class=\"container\">\n            <div class=\"section-header\">\n                <h2 class=\"section-title\">Get In Touch</h2>\n                <p class=\"section-description\">\n                    Ready to transform your business with AI? Let's discuss your project\n                </p>\n            </div>\n            <div class=\"contact-content\">\n                <div class=\"contact-info\">\n                    <div class=\"contact-item\">\n                        <i class=\"fas fa-envelope\"></i>\n                        <div>\n                            <h4>Email</h4>\n                            <p>steven@aialchemy.com</p>\n                        </div>\n                    </div>\n                    <div class=\"contact-item\">\n                        <i class=\"fas fa-phone\"></i>\n                        <div>\n                            <h4>Phone</h4>\n                            <p>+1 (555) 123-4567</p>\n                        </div>\n                    </div>\n                    <div class=\"contact-item\">\n                        <i class=\"fas fa-map-marker-alt\"></i>\n                        <div>\n                            <h4>Location</h4>\n                            <p>Remote - Global</p>\n                        </div>\n                    </div>\n                </div>\n                <form class=\"contact-form\">\n                    <div class=\"form-group\">\n                        <input type=\"text\" id=\"name\" name=\"name\" placeholder=\"Your Name\" required>\n                    </div>\n                    <div class=\"form-group\">\n                        <input type=\"email\" id=\"email\" name=\"email\" placeholder=\"Your Email\" required>\n                    </div>\n                    <div class=\"form-group\">\n                        <select id=\"service\" name=\"service\" required>\n                            <option value=\"\">Select Service</option>\n                            <option value=\"ai-consulting\">AI Consulting</option>\n                            <option value=\"content-creation\">Content Creation</option>\n                            <option value=\"python-development\">Python Development</option>\n                            <option value=\"ai-training\">AI Training</option>\n                            <option value=\"digital-products\">Digital Products</option>\n                        </select>\n                    </div>\n                    <div class=\"form-group\">\n                        <textarea id=\"message\" name=\"message\" placeholder=\"Tell me about your project\" rows=\"5\" required></textarea>\n                    </div>\n                    <button type=\"submit\" class=\"btn btn-primary\">Send Message</button>\n                </form>\n            </div>\n        </div>\n    </section>\n\n    <!-- Footer -->\n    <footer class=\"footer\">\n        <div class=\"container\">\n            <div class=\"footer-content\">\n                <div class=\"footer-section\">\n                    <h3 class=\"footer-title\">AI Alchemy</h3>\n                    <p class=\"footer-description\">\n                        Transforming businesses with AI-powered solutions and cutting-edge technology.\n                    </p>\n                    <div class=\"social-links\">\n                        <a href=\"https://avatararts.org\" class=\"social-link\"><i class=\"fas fa-globe\"></i></a>\n                        <a href=\"https://gptjunkie.com\" class=\"social-link\"><i class=\"fas fa-robot\"></i></a>\n                        <a href=\"https://quantumforgelabs.org\" class=\"social-link\"><i class=\"fas fa-atom\"></i></a>\n                        <a href=\"https://linkedin.com/in/steven-chaplinski\" class=\"social-link\"><i class=\"fab fa-linkedin\"></i></a>\n                        <a href=\"https://github.com/steven-chaplinski\" class=\"social-link\"><i class=\"fab fa-github\"></i></a>\n                    </div>\n                </div>\n                <div class=\"footer-section\">\n                    <h4 class=\"footer-subtitle\">Services</h4>\n                    <ul class=\"footer-links\">\n                        <li><a href=\"#services\">AI Consulting</a></li>\n                        <li><a href=\"#services\">Content Creation</a></li>\n                        <li><a href=\"#services\">Python Development</a></li>\n                        <li><a href=\"#services\">AI Training</a></li>\n                    </ul>\n                </div>\n                <div class=\"footer-section\">\n                    <h4 class=\"footer-subtitle\">Products</h4>\n                    <ul class=\"footer-links\">\n                        <li><a href=\"#products\">AI Art Packs</a></li>\n                        <li><a href=\"#products\">Python Scripts</a></li>\n                        <li><a href=\"#products\">AI Guides</a></li>\n                        <li><a href=\"#products\">Templates</a></li>\n                    </ul>\n                </div>\n                <div class=\"footer-section\">\n                    <h4 class=\"footer-subtitle\">Contact</h4>\n                    <ul class=\"footer-links\">\n                        <li><a href=\"mailto:steven@aialchemy.com\">steven@aialchemy.com</a></li>\n                        <li><a href=\"tel:+15551234567\">+1 (555) 123-4567</a></li>\n                        <li><a href=\"#contact\">Contact Form</a></li>\n                    </ul>\n                </div>\n            </div>\n            <div class=\"footer-bottom\">\n                <p>&copy; 2024 AI Alchemy. All rights reserved.</p>\n            </div>\n        </div>\n    </footer>\n\n    <script src=\"script.js\"></script>\n</body>\n\n</html>"
        }
    ]
}