{
    "sourceFile": "03_business_website/styles.css",
    "activeCommit": 0,
    "commits": [
        {
            "activePatchIndex": 0,
            "patches": [
                {
                    "date": 1760029099507,
                    "content": "Index: \n===================================================================\n--- \n+++ \n"
                }
            ],
            "date": 1760029099507,
            "name": "Commit-0",
            "content": "/* Reset and Base Styles */\n\n* {\n    margin: 0;\n    padding: 0;\n    box-sizing: border-box;\n}\n\nhtml {\n    scroll-behavior: smooth;\n}\n\nbody {\n    font-family: 'Inter', sans-serif;\n    line-height: 1.6;\n    color: #000;\n    background-color: #fff;\n}\n\n.container {\n    max-width: 1200px;\n    margin: 0 auto;\n    padding: 0 20px;\n}\n\n\n/* Navigation */\n\n.navbar {\n    position: fixed;\n    top: 0;\n    width: 100%;\n    background: rgba(255, 255, 255, 0.95);\n    backdrop-filter: blur(10px);\n    z-index: 1000;\n    transition: all 0.3s ease;\n    border-bottom: 1px solid #e5e5e5;\n}\n\n.nav-container {\n    max-width: 1200px;\n    margin: 0 auto;\n    padding: 0 20px;\n    display: flex;\n    justify-content: space-between;\n    align-items: center;\n    height: 70px;\n}\n\n.nav-logo a {\n    font-size: 1.5rem;\n    font-weight: 700;\n    color: #000;\n    text-decoration: none;\n}\n\n.nav-menu {\n    display: flex;\n    list-style: none;\n    gap: 2rem;\n}\n\n.nav-link {\n    color: #000;\n    text-decoration: none;\n    font-weight: 500;\n    transition: color 0.3s ease;\n    position: relative;\n}\n\n.nav-link:hover {\n    color: #dc2626;\n}\n\n.nav-link::after {\n    content: '';\n    position: absolute;\n    width: 0;\n    height: 2px;\n    bottom: -5px;\n    left: 0;\n    background-color: #dc2626;\n    transition: width 0.3s ease;\n}\n\n.nav-link:hover::after {\n    width: 100%;\n}\n\n.hamburger {\n    display: none;\n    flex-direction: column;\n    cursor: pointer;\n    z-index: 1001;\n}\n\n.bar {\n    width: 25px;\n    height: 2px;\n    background: #000;\n    margin: 3px 0;\n    transition: 0.3s;\n    transform-origin: center;\n}\n\n\n/* Hero Section */\n\n.hero {\n    padding: 120px 0 80px;\n    background: #fff;\n    color: #000;\n    overflow: hidden;\n}\n\n.hero-container {\n    max-width: 1200px;\n    margin: 0 auto;\n    padding: 0 20px;\n    display: grid;\n    grid-template-columns: 1fr 1fr;\n    gap: 4rem;\n    align-items: center;\n}\n\n.hero-title {\n    font-size: 3.5rem;\n    font-weight: 700;\n    line-height: 1.2;\n    margin-bottom: 1.5rem;\n    color: #000;\n}\n\n.accent-text {\n    color: #dc2626;\n    position: relative;\n    display: inline-block;\n    overflow: hidden;\n}\n\n.accent-text::before {\n    content: '';\n    position: absolute;\n    top: 0;\n    left: -100%;\n    width: 100%;\n    height: 100%;\n    background: linear-gradient(90deg, transparent, rgba(220, 38, 38, 0.3), transparent);\n    transition: left 0.8s ease;\n}\n\n.accent-text::after {\n    content: '';\n    position: absolute;\n    width: 0;\n    height: 3px;\n    bottom: 0;\n    left: 0;\n    background-color: #dc2626;\n    transition: width 0.8s ease;\n}\n\n.accent-text.animate::before {\n    left: 100%;\n}\n\n.accent-text.animate::after {\n    width: 100%;\n}\n\n.hero-description {\n    font-size: 1.2rem;\n    margin-bottom: 2rem;\n    color: #666;\n    line-height: 1.8;\n}\n\n.hero-buttons {\n    display: flex;\n    gap: 1rem;\n    margin-bottom: 3rem;\n}\n\n.btn {\n    padding: 12px 24px;\n    border-radius: 0;\n    text-decoration: none;\n    font-weight: 600;\n    transition: all 0.3s ease;\n    border: none;\n    cursor: pointer;\n    display: inline-block;\n    text-transform: uppercase;\n    letter-spacing: 1px;\n    font-size: 0.9rem;\n}\n\n.btn-primary {\n    background: #dc2626;\n    color: white;\n    border: 2px solid #dc2626;\n}\n\n.btn-primary:hover {\n    background: transparent;\n    color: #dc2626;\n    border: 2px solid #dc2626;\n}\n\n.btn-secondary {\n    background: transparent;\n    color: #000;\n    border: 2px solid #000;\n}\n\n.btn-secondary:hover {\n    background: #000;\n    color: white;\n}\n\n.btn-outline {\n    background: transparent;\n    color: #dc2626;\n    border: 2px solid #dc2626;\n}\n\n.btn-outline:hover {\n    background: #dc2626;\n    color: white;\n}\n\n.hero-stats {\n    display: flex;\n    gap: 2rem;\n}\n\n.stat {\n    text-align: center;\n}\n\n.stat-number {\n    display: block;\n    font-size: 2rem;\n    font-weight: 700;\n    color: #dc2626;\n}\n\n.stat-label {\n    font-size: 0.9rem;\n    color: #666;\n    text-transform: uppercase;\n    letter-spacing: 1px;\n}\n\n.hero-image {\n    position: relative;\n    height: 400px;\n    display: flex;\n    align-items: center;\n    justify-content: center;\n}\n\n.minimal-visual {\n    position: relative;\n    width: 300px;\n    height: 300px;\n}\n\n.geometric-shape {\n    position: absolute;\n    background: #dc2626;\n    opacity: 0.8;\n}\n\n.shape-1 {\n    width: 80px;\n    height: 80px;\n    top: 20%;\n    left: 20%;\n}\n\n.shape-2 {\n    width: 60px;\n    height: 60px;\n    top: 60%;\n    right: 20%;\n    border-radius: 50%;\n}\n\n.shape-3 {\n    width: 100px;\n    height: 20px;\n    bottom: 20%;\n    left: 50%;\n    transform: translateX(-50%);\n}\n\n\n/* Section Styles */\n\n.section-header {\n    text-align: center;\n    margin-bottom: 4rem;\n}\n\n.section-title {\n    font-size: 2.5rem;\n    font-weight: 700;\n    margin-bottom: 1rem;\n    color: #000;\n    position: relative;\n}\n\n.section-title::after {\n    content: '';\n    position: absolute;\n    width: 60px;\n    height: 3px;\n    background: #dc2626;\n    bottom: -10px;\n    left: 50%;\n    transform: translateX(-50%);\n}\n\n.section-description {\n    font-size: 1.1rem;\n    color: #666;\n    max-width: 600px;\n    margin: 0 auto;\n}\n\n\n/* Services Section */\n\n.services {\n    padding: 80px 0;\n    background: #f8f8f8;\n}\n\n.services-grid {\n    display: grid;\n    grid-template-columns: repeat(auto-fit, minmax(300px, 1fr));\n    gap: 2rem;\n}\n\n.service-card {\n    background: white;\n    padding: 2rem;\n    border: 1px solid #e5e5e5;\n    transition: all 0.3s ease;\n    position: relative;\n}\n\n.service-card:hover {\n    transform: translateY(-5px);\n    box-shadow: 0 10px 30px rgba(0, 0, 0, 0.1);\n    border-color: #dc2626;\n}\n\n.service-card::before {\n    content: '';\n    position: absolute;\n    top: 0;\n    left: 0;\n    width: 100%;\n    height: 3px;\n    background: #dc2626;\n    transform: scaleX(0);\n    transition: transform 0.3s ease;\n}\n\n.service-card:hover::before {\n    transform: scaleX(1);\n}\n\n.service-icon {\n    width: 60px;\n    height: 60px;\n    background: #000;\n    border-radius: 0;\n    display: flex;\n    align-items: center;\n    justify-content: center;\n    margin-bottom: 1.5rem;\n}\n\n.service-icon i {\n    font-size: 1.5rem;\n    color: white;\n}\n\n.service-title {\n    font-size: 1.5rem;\n    font-weight: 600;\n    margin-bottom: 1rem;\n    color: #000;\n}\n\n.service-description {\n    color: #666;\n    margin-bottom: 1.5rem;\n    line-height: 1.6;\n}\n\n.service-features {\n    list-style: none;\n    margin-bottom: 1.5rem;\n}\n\n.service-features li {\n    padding: 0.5rem 0;\n    color: #666;\n    position: relative;\n    padding-left: 1.5rem;\n}\n\n.service-features li::before {\n    content: \"→\";\n    position: absolute;\n    left: 0;\n    color: #dc2626;\n    font-weight: bold;\n}\n\n.service-price {\n    font-size: 1.2rem;\n    font-weight: 600;\n    color: #dc2626;\n    margin-bottom: 1rem;\n}\n\n\n/* Products Section */\n\n.products {\n    padding: 80px 0;\n}\n\n.products-grid {\n    display: grid;\n    grid-template-columns: repeat(auto-fit, minmax(300px, 1fr));\n    gap: 2rem;\n}\n\n.product-card {\n    background: white;\n    border: 1px solid #e5e5e5;\n    padding: 2rem;\n    text-align: center;\n    transition: all 0.3s ease;\n    position: relative;\n}\n\n.product-card:hover {\n    transform: translateY(-5px);\n    box-shadow: 0 10px 30px rgba(0, 0, 0, 0.1);\n    border-color: #dc2626;\n}\n\n.product-card::before {\n    content: '';\n    position: absolute;\n    top: 0;\n    left: 0;\n    width: 100%;\n    height: 3px;\n    background: #dc2626;\n    transform: scaleX(0);\n    transition: transform 0.3s ease;\n}\n\n.product-card:hover::before {\n    transform: scaleX(1);\n}\n\n.product-image {\n    width: 80px;\n    height: 80px;\n    background: #000;\n    border-radius: 0;\n    display: flex;\n    align-items: center;\n    justify-content: center;\n    margin: 0 auto 1.5rem;\n}\n\n.product-image i {\n    font-size: 2rem;\n    color: white;\n}\n\n.product-title {\n    font-size: 1.5rem;\n    font-weight: 600;\n    margin-bottom: 1rem;\n    color: #000;\n}\n\n.product-description {\n    color: #666;\n    margin-bottom: 1.5rem;\n    line-height: 1.6;\n}\n\n.product-features {\n    display: flex;\n    flex-wrap: wrap;\n    gap: 0.5rem;\n    margin-bottom: 1.5rem;\n    justify-content: center;\n}\n\n.feature {\n    background: #f8f8f8;\n    padding: 0.25rem 0.75rem;\n    border-radius: 0;\n    font-size: 0.9rem;\n    color: #666;\n    border: 1px solid #e5e5e5;\n}\n\n.product-price {\n    font-size: 1.5rem;\n    font-weight: 700;\n    color: #dc2626;\n    margin-bottom: 1.5rem;\n}\n\n\n/* Portfolio Section */\n\n.portfolio {\n    padding: 80px 0;\n    background: #f8f8f8;\n}\n\n.portfolio-grid {\n    display: grid;\n    grid-template-columns: repeat(auto-fit, minmax(350px, 1fr));\n    gap: 2rem;\n}\n\n.portfolio-item {\n    background: white;\n    border: 1px solid #e5e5e5;\n    overflow: hidden;\n    transition: all 0.3s ease;\n}\n\n.portfolio-item:hover {\n    transform: translateY(-5px);\n    box-shadow: 0 10px 30px rgba(0, 0, 0, 0.1);\n}\n\n.portfolio-image {\n    height: 200px;\n    overflow: hidden;\n    background: #000;\n    display: flex;\n    align-items: center;\n    justify-content: center;\n}\n\n.portfolio-placeholder {\n    color: white;\n    font-size: 3rem;\n}\n\n.portfolio-content {\n    padding: 1.5rem;\n}\n\n.portfolio-title {\n    font-size: 1.25rem;\n    font-weight: 600;\n    margin-bottom: 0.5rem;\n    color: #000;\n}\n\n.portfolio-description {\n    color: #666;\n    margin-bottom: 1rem;\n    line-height: 1.6;\n}\n\n.portfolio-tags {\n    display: flex;\n    flex-wrap: wrap;\n    gap: 0.5rem;\n}\n\n.tag {\n    background: #dc2626;\n    color: white;\n    padding: 0.25rem 0.75rem;\n    border-radius: 0;\n    font-size: 0.8rem;\n    text-transform: uppercase;\n    letter-spacing: 1px;\n}\n\n\n/* About Section */\n\n.about {\n    padding: 80px 0;\n}\n\n.about-content {\n    display: grid;\n    grid-template-columns: 2fr 1fr;\n    gap: 4rem;\n    align-items: center;\n}\n\n.about-description {\n    color: #666;\n    margin-bottom: 1.5rem;\n    font-size: 1.1rem;\n    line-height: 1.8;\n}\n\n.about-skills {\n    margin-top: 2rem;\n}\n\n.skill {\n    margin-bottom: 1.5rem;\n}\n\n.skill-name {\n    display: block;\n    margin-bottom: 0.5rem;\n    font-weight: 500;\n    color: #000;\n}\n\n.skill-bar {\n    height: 8px;\n    background: #e5e5e5;\n    border-radius: 0;\n    overflow: hidden;\n}\n\n.skill-progress {\n    height: 100%;\n    background: #dc2626;\n    border-radius: 0;\n    transition: width 1s ease;\n}\n\n.about-image {\n    display: flex;\n    align-items: center;\n    justify-content: center;\n}\n\n.about-placeholder {\n    width: 200px;\n    height: 200px;\n    background: #000;\n    border-radius: 0;\n    display: flex;\n    align-items: center;\n    justify-content: center;\n    color: white;\n    font-size: 4rem;\n}\n\n\n/* Contact Section */\n\n.contact {\n    padding: 80px 0;\n    background: #f8f8f8;\n}\n\n.contact-content {\n    display: grid;\n    grid-template-columns: 1fr 1fr;\n    gap: 4rem;\n}\n\n.contact-info {\n    display: flex;\n    flex-direction: column;\n    gap: 2rem;\n}\n\n.contact-item {\n    display: flex;\n    align-items: center;\n    gap: 1rem;\n}\n\n.contact-item i {\n    width: 50px;\n    height: 50px;\n    background: #000;\n    border-radius: 0;\n    display: flex;\n    align-items: center;\n    justify-content: center;\n    color: white;\n    font-size: 1.2rem;\n}\n\n.contact-item h4 {\n    font-size: 1.1rem;\n    font-weight: 600;\n    margin-bottom: 0.25rem;\n    color: #000;\n}\n\n.contact-item p {\n    color: #666;\n}\n\n.contact-form {\n    background: white;\n    padding: 2rem;\n    border: 1px solid #e5e5e5;\n}\n\n.form-group {\n    margin-bottom: 1.5rem;\n}\n\n.form-group input,\n.form-group select,\n.form-group textarea {\n    width: 100%;\n    padding: 12px;\n    border: 1px solid #e5e5e5;\n    border-radius: 0;\n    font-size: 1rem;\n    transition: border-color 0.3s ease;\n    background: white;\n    color: #000;\n}\n\n.form-group input:focus,\n.form-group select:focus,\n.form-group textarea:focus {\n    outline: none;\n    border-color: #dc2626;\n}\n\n.form-group input::placeholder,\n.form-group textarea::placeholder {\n    color: #999;\n}\n\n\n/* Footer */\n\n.footer {\n    background: #000;\n    color: white;\n    padding: 60px 0 20px;\n}\n\n.footer-content {\n    display: grid;\n    grid-template-columns: repeat(auto-fit, minmax(250px, 1fr));\n    gap: 2rem;\n    margin-bottom: 2rem;\n}\n\n.footer-title {\n    font-size: 1.5rem;\n    font-weight: 700;\n    margin-bottom: 1rem;\n    color: #dc2626;\n}\n\n.footer-subtitle {\n    font-size: 1.1rem;\n    font-weight: 600;\n    margin-bottom: 1rem;\n    color: white;\n}\n\n.footer-description {\n    color: #ccc;\n    margin-bottom: 1.5rem;\n    line-height: 1.6;\n}\n\n.footer-links {\n    list-style: none;\n}\n\n.footer-links li {\n    margin-bottom: 0.5rem;\n}\n\n.footer-links a {\n    color: #ccc;\n    text-decoration: none;\n    transition: color 0.3s ease;\n}\n\n.footer-links a:hover {\n    color: #dc2626;\n}\n\n.social-links {\n    display: flex;\n    gap: 1rem;\n}\n\n.social-link {\n    width: 40px;\n    height: 40px;\n    background: #333;\n    border-radius: 0;\n    display: flex;\n    align-items: center;\n    justify-content: center;\n    color: white;\n    text-decoration: none;\n    transition: background 0.3s ease;\n}\n\n.social-link:hover {\n    background: #dc2626;\n}\n\n.footer-bottom {\n    text-align: center;\n    padding-top: 2rem;\n    border-top: 1px solid #333;\n    color: #ccc;\n}\n\n\n/* Responsive Design */\n\n@media (max-width: 768px) {\n    .hamburger {\n        display: flex;\n        cursor: pointer;\n    }\n    .hamburger.active .bar:nth-child(2) {\n        opacity: 0;\n    }\n    .hamburger.active .bar:nth-child(1) {\n        transform: translateY(8px) rotate(45deg);\n    }\n    .hamburger.active .bar:nth-child(3) {\n        transform: translateY(-8px) rotate(-45deg);\n    }\n    .nav-menu {\n        position: fixed;\n        left: -100%;\n        top: 70px;\n        flex-direction: column;\n        background-color: white;\n        width: 100%;\n        text-align: center;\n        transition: left 0.3s ease;\n        box-shadow: 0 10px 27px rgba(0, 0, 0, 0.05);\n        padding: 2rem 0;\n        border-top: 1px solid #e5e5e5;\n        z-index: 999;\n    }\n    .nav-menu.active {\n        left: 0;\n    }\n    .nav-menu li {\n        margin: 1rem 0;\n    }\n    .nav-link {\n        font-size: 1.1rem;\n        padding: 0.5rem 0;\n    }\n    .hero-container {\n        grid-template-columns: 1fr;\n        text-align: center;\n    }\n    .hero-title {\n        font-size: 2.5rem;\n    }\n    .hero-buttons {\n        justify-content: center;\n    }\n    .hero-stats {\n        justify-content: center;\n    }\n    .about-content {\n        grid-template-columns: 1fr;\n    }\n    .contact-content {\n        grid-template-columns: 1fr;\n    }\n    .services-grid,\n    .products-grid,\n    .portfolio-grid {\n        grid-template-columns: 1fr;\n    }\n}\n\n@media (max-width: 480px) {\n    .hero-title {\n        font-size: 2rem;\n    }\n    .section-title {\n        font-size: 2rem;\n    }\n    .hero-buttons {\n        flex-direction: column;\n        align-items: center;\n    }\n    .hero-stats {\n        flex-direction: column;\n        gap: 1rem;\n    }\n}"
        }
    ]
}